-- Insertar datos

USE Diplomados

INSERT INTO Profesor(TypeID_Profesor, ID_Profesor, Nombre, Apellido, Email) values ('CC', '0000000000', 'Elva', 'Nanin', 'elvaprofe@gmail.com');
INSERT INTO Profesor(TypeID_Profesor, ID_Profesor, Nombre, Apellido, Email) values ('CC', '0000000001', 'Elsa', 'Banero', 'elsaprofe@gmail.com');
INSERT INTO Profesor(TypeID_Profesor, ID_Profesor, Nombre, Apellido, Email) values ('CC', '0000000002', 'Alan', 'Brito', 'Alanprofe@gmail.com');
INSERT INTO Profesor(TypeID_Profesor, ID_Profesor, Nombre, Apellido, Email) values ('CC', '0000000003', 'Abigail', 'Mendoza', 'abigailprofe@gmail.com');
INSERT INTO Profesor(TypeID_Profesor, ID_Profesor, Nombre, Apellido, Email) VALUES ('CC', '0000000004', 'Santiago', 'Torito', 'santiagoprofe@gmail.com');
INSERT INTO Profesor(TypeID_Profesor, ID_Profesor, Nombre, Apellido, Email) VALUES ('CC', '0000000005', 'Juan', 'Perez', 'juanperezprofe@gmail.com');
INSERT INTO Profesor(TypeID_Profesor, ID_Profesor, Nombre, Apellido, Email) VALUES ('CC', '0000000006', 'Maria', 'Gomez', 'mariagomezprofe@gmail.com');
INSERT INTO Profesor(TypeID_Profesor, ID_Profesor, Nombre, Apellido, Email) VALUES ('CC', '0000000007', 'Pedro', 'Rodriguez', 'pedrorodriguezprofe@gmail.com');
INSERT INTO Profesor(TypeID_Profesor, ID_Profesor, Nombre, Apellido, Email) VALUES ('CC', '0000000008', 'Luis', 'Hernandez', 'luishernandezprofe@gmail.com');
INSERT INTO Profesor(TypeID_Profesor, ID_Profesor, Nombre, Apellido, Email) VALUES ('CC', '0000000009', 'Ana', 'Martinez', 'anamartinezprofe@gmail.com');
INSERT INTO Profesor(TypeID_Profesor, ID_Profesor, Nombre, Apellido, Email) VALUES ('CC', '0000000010', 'Gabriela', 'Lopez', 'gabrielalopezprofe@gmail.com');
INSERT INTO Profesor(TypeID_Profesor, ID_Profesor, Nombre, Apellido, Email) VALUES ('CC', '0000000011', 'Carlos', 'Sanchez', 'carlossanchezprofe@gmail.com');
INSERT INTO Profesor(TypeID_Profesor, ID_Profesor, Nombre, Apellido, Email) VALUES ('CC', '0000000012', 'Fernanda', 'Ramirez', 'fernandaramirezprofe@gmail.com');
INSERT INTO Profesor(TypeID_Profesor, ID_Profesor, Nombre, Apellido, Email) VALUES ('CC', '0000000013', 'Diego', 'Gonzalez', 'diegogonzalezprofe@gmail.com');
INSERT INTO Profesor(TypeID_Profesor, ID_Profesor, Nombre, Apellido, Email) VALUES ('CC', '0000000014', 'Valeria', 'Diaz', 'valeriadiazprofe@gmail.com');
INSERT INTO Profesor(TypeID_Profesor, ID_Profesor, Nombre, Apellido, Email) VALUES ('CC', '0000000015', 'Roberto', 'Fernandez', 'robertofernandezprofe@gmail.com');
INSERT INTO Profesor(TypeID_Profesor, ID_Profesor, Nombre, Apellido, Email) VALUES ('CC', '0000000016', 'Laura', 'Gutierrez', 'lauragutierrezprofe@gmail.com');
INSERT INTO Profesor(TypeID_Profesor, ID_Profesor, Nombre, Apellido, Email) VALUES ('CC', '0000000017', 'Alejandro', 'Martinez', 'alejandromartinezprofe@gmail.com');
INSERT INTO Profesor(TypeID_Profesor, ID_Profesor, Nombre, Apellido, Email) VALUES ('CC', '0000000018', 'Sofia', 'Alvarez', 'sofiaalvarezprofe@gmail.com');
INSERT INTO Profesor(TypeID_Profesor, ID_Profesor, Nombre, Apellido, Email) VALUES ('CC', '0000000019', 'Daniel', 'Torres', 'danieltorresprofe@gmail.com');
INSERT INTO Profesor(TypeID_Profesor, ID_Profesor, Nombre, Apellido, Email) VALUES ('CC', '0000000020', 'Elena', 'Vazquez', 'elenavazquezprofe@gmail.com');
INSERT INTO Profesor(TypeID_Profesor, ID_Profesor, Nombre, Apellido, Email) VALUES ('CC', '0000000021', 'Javier', 'Rojas', 'javierrojasprofe@gmail.com');
INSERT INTO Profesor(TypeID_Profesor, ID_Profesor, Nombre, Apellido, Email) VALUES ('CC', '0000000022', 'Mariana', 'Santos', 'marianasantosprofe@gmail.com');
INSERT INTO Profesor(TypeID_Profesor, ID_Profesor, Nombre, Apellido, Email) VALUES ('CC', '0000000023', 'Mateo', 'Luna', 'mateolunaprofe@gmail.com');
INSERT INTO Profesor(TypeID_Profesor, ID_Profesor, Nombre, Apellido, Email) VALUES ('CC', '0000000024', 'Camila', 'Castro', 'camilacastroprofe@gmail.com');
INSERT INTO Profesor(TypeID_Profesor, ID_Profesor, Nombre, Apellido, Email) VALUES ('CC', '0000000025', 'Andres', 'Ortega', 'andresortegaprofe@gmail.com');
INSERT INTO Profesor(TypeID_Profesor, ID_Profesor, Nombre, Apellido, Email) VALUES ('AD', '0000000026', 'Cristina', 'Lopez', 'cristinalopezprofe@gmail.com');
INSERT INTO Profesor(TypeID_Profesor, ID_Profesor, Nombre, Apellido, Email) VALUES ('AD', '0000000027', 'Ricardo', 'Garcia', 'ricardogarciaprofe@gmail.com');
INSERT INTO Profesor(TypeID_Profesor, ID_Profesor, Nombre, Apellido, Email) VALUES ('AD', '0000000028', 'Fernando', 'Sanchez', 'fernandosanchezprofe@gmail.com');
INSERT INTO Profesor(TypeID_Profesor, ID_Profesor, Nombre, Apellido, Email) VALUES ('AD', '0000000029', 'Natalia', 'Herrera', 'nataliaherreraprofe@gmail.com');
INSERT INTO Profesor(TypeID_Profesor, ID_Profesor, Nombre, Apellido, Email) VALUES ('AD', '0000000030', 'Eduardo', 'Martinez', 'eduardomartinezprofe@gmail.com');
INSERT INTO Profesor(TypeID_Profesor, ID_Profesor, Nombre, Apellido, Email) VALUES ('AD', '0000000031', 'Laura', 'Ramirez', 'lauraramirezprofe@gmail.com');
INSERT INTO Profesor(TypeID_Profesor, ID_Profesor, Nombre, Apellido, Email) VALUES ('AD', '0000000032', 'Roberto', 'Gomez', 'robertogomezprofe@gmail.com');
INSERT INTO Profesor(TypeID_Profesor, ID_Profesor, Nombre, Apellido, Email) VALUES ('AD', '0000000033', 'Alejandra', 'Perez', 'alejandraperezprofe@gmail.com');
INSERT INTO Profesor(TypeID_Profesor, ID_Profesor, Nombre, Apellido, Email) VALUES ('AD', '0000000034', 'Julio', 'Fernandez', 'juliofernandezprofe@gmail.com');
INSERT INTO Profesor(TypeID_Profesor, ID_Profesor, Nombre, Apellido, Email) VALUES ('AD', '0000000035', 'Lorena', 'Gutierrez', 'lorenagutierrezprofe@gmail.com');
INSERT INTO Profesor(TypeID_Profesor, ID_Profesor, Nombre, Apellido, Email) VALUES ('ED', '0000000036', 'Gabriel', 'Hernandez', 'gabrielhernandezprofe@gmail.com');
INSERT INTO Profesor(TypeID_Profesor, ID_Profesor, Nombre, Apellido, Email) VALUES ('ED', '0000000037', 'Carla', 'Gomez', 'carlagomezprofe@gmail.com');
INSERT INTO Profesor(TypeID_Profesor, ID_Profesor, Nombre, Apellido, Email) VALUES ('ED', '0000000038', 'Raul', 'Martinez', 'raulmartinezprofe@gmail.com');
INSERT INTO Profesor(TypeID_Profesor, ID_Profesor, Nombre, Apellido, Email) VALUES ('ED', '0000000039', 'Sofia', 'Diaz', 'sofiadiazprofe@gmail.com');
INSERT INTO Profesor(TypeID_Profesor, ID_Profesor, Nombre, Apellido, Email) VALUES ('ED', '0000000040', 'Alejandro', 'Perez', 'alejandroperezprofe@gmail.com');
INSERT INTO Profesor(TypeID_Profesor, ID_Profesor, Nombre, Apellido, Email) VALUES ('IN', '0000000041', 'Marina', 'Rojas', 'marinarojasprofe@gmail.com');
INSERT INTO Profesor(TypeID_Profesor, ID_Profesor, Nombre, Apellido, Email) VALUES ('IN', '0000000042', 'Andres', 'Alvarez', 'andresalvarezprofe@gmail.com');
INSERT INTO Profesor(TypeID_Profesor, ID_Profesor, Nombre, Apellido, Email) VALUES ('IN', '0000000043', 'Paula', 'Torres', 'paulatorresprofe@gmail.com');
INSERT INTO Profesor(TypeID_Profesor, ID_Profesor, Nombre, Apellido, Email) VALUES ('IN', '0000000044', 'Lucas', 'Vazquez', 'lucasvazquezprofe@gmail.com');
INSERT INTO Profesor(TypeID_Profesor, ID_Profesor, Nombre, Apellido, Email) VALUES ('IN', '0000000045', 'Valeria', 'Santos', 'valeriasantosprofe@gmail.com');

--delete from Profesor

SELECT * FROM Profesor
Order by ID_Profesor


INSERT INTO Curso(ID_Curso, Nombre, FechaInicio, FechaFinal, Estado) values ('001', 'Estructuras de Datos', '2024-03-01', '2024-05-1', 'Activo')
INSERT INTO Curso(ID_Curso, Nombre, FechaInicio, FechaFinal, Estado) values ('002', 'Integral', '2024-03-01', '2024-05-1', 'Activo')
INSERT INTO Curso(ID_Curso, Nombre, FechaInicio, FechaFinal, Estado) values ('003', 'Diferencial', '2024-03-01', '2024-05-1', 'Activo')
INSERT INTO Curso(ID_Curso, Nombre, FechaInicio, FechaFinal, Estado) values ('004', 'Bases de Datos', '2025-03-01', '2025-05-1', 'Inactivo')
INSERT INTO Curso(ID_Curso, Nombre, FechaInicio, FechaFinal, Estado) values ('005', 'Karate', '2024-03-01', '2024-05-1', 'Activo')
INSERT INTO Curso(ID_Curso, Nombre, FechaInicio, FechaFinal, Estado) values ('006', 'Futbol', '2024-03-01', '2024-05-1', 'Activo')
INSERT INTO Curso(ID_Curso, Nombre, FechaInicio, FechaFinal, Estado) values ('007', 'Baloncesto', '2024-03-01', '2024-05-1', 'Activo')
INSERT INTO Curso(ID_Curso, Nombre, FechaInicio, FechaFinal, Estado) values ('008', 'Voleibol', '2024-03-01', '2024-05-1', 'Activo')
INSERT INTO Curso(ID_Curso, Nombre, FechaInicio, FechaFinal, Estado) values ('009', 'Natacion', '2024-03-01', '2024-05-1', 'Activo')
INSERT INTO Curso(ID_Curso, Nombre, FechaInicio, FechaFinal, Estado) values ('010', 'Tenis', '2024-03-01', '2024-05-1', 'Activo')
INSERT INTO Curso(ID_Curso, Nombre, FechaInicio, FechaFinal, Estado) VALUES ('011', 'Ajedrez', '2024-03-01', '2024-05-1', 'Activo');
INSERT INTO Curso(ID_Curso, Nombre, FechaInicio, FechaFinal, Estado) VALUES ('012', 'Pintura al óleo', '2024-03-01', '2024-05-1', 'Activo');
INSERT INTO Curso(ID_Curso, Nombre, FechaInicio, FechaFinal, Estado) VALUES ('013', 'Dibujo artístico', '2024-03-01', '2024-05-1', 'Activo');
INSERT INTO Curso(ID_Curso, Nombre, FechaInicio, FechaFinal, Estado) VALUES ('014', 'Programación web', '2025-03-01', '2025-05-1', 'Inactivo');
INSERT INTO Curso(ID_Curso, Nombre, FechaInicio, FechaFinal, Estado) VALUES ('015', 'Inglés avanzado', '2024-03-01', '2024-05-1', 'Activo');
INSERT INTO Curso(ID_Curso, Nombre, FechaInicio, FechaFinal, Estado) VALUES ('016', 'Yoga', '2024-03-01', '2024-05-1', 'Activo');
INSERT INTO Curso(ID_Curso, Nombre, FechaInicio, FechaFinal, Estado) VALUES ('017', 'Cocina gourmet', '2024-03-01', '2024-05-1', 'Activo');
INSERT INTO Curso(ID_Curso, Nombre, FechaInicio, FechaFinal, Estado) VALUES ('018', 'Danza contemporánea', '2024-03-01', '2024-05-1', 'Activo');
INSERT INTO Curso(ID_Curso, Nombre, FechaInicio, FechaFinal, Estado) VALUES ('019', 'Fotografía digital', '2024-03-01', '2024-05-1', 'Activo');
INSERT INTO Curso(ID_Curso, Nombre, FechaInicio, FechaFinal, Estado) VALUES ('020', 'Guitarra eléctrica', '2024-03-01', '2024-05-1', 'Activo');
INSERT INTO Curso(ID_Curso, Nombre, FechaInicio, FechaFinal, Estado) VALUES ('021', 'Diseño gráfico', '2024-03-01', '2024-05-1', 'Activo');
INSERT INTO Curso(ID_Curso, Nombre, FechaInicio, FechaFinal, Estado) VALUES ('022', 'Robótica', '2024-03-01', '2024-05-1', 'Activo');
INSERT INTO Curso(ID_Curso, Nombre, FechaInicio, FechaFinal, Estado) VALUES ('023', 'Carpintería', '2024-03-01', '2024-05-1', 'Activo');
INSERT INTO Curso(ID_Curso, Nombre, FechaInicio, FechaFinal, Estado) VALUES ('024', 'Costura y confección', '2025-03-01', '2025-05-1', 'Inactivo');
INSERT INTO Curso(ID_Curso, Nombre, FechaInicio, FechaFinal, Estado) VALUES ('025', 'Escritura creativa', '2024-03-01', '2024-05-1', 'Activo');
INSERT INTO Curso(ID_Curso, Nombre, FechaInicio, FechaFinal, Estado) VALUES ('026', 'Marketing digital', '2024-03-01', '2024-05-1', 'Activo');
INSERT INTO Curso(ID_Curso, Nombre, FechaInicio, FechaFinal, Estado) VALUES ('027', 'Gestión de proyectos', '2024-03-01', '2024-05-1', 'Activo');
INSERT INTO Curso(ID_Curso, Nombre, FechaInicio, FechaFinal, Estado) VALUES ('028', 'Oratoria', '2024-03-01', '2024-05-1', 'Activo');
INSERT INTO Curso(ID_Curso, Nombre, FechaInicio, FechaFinal, Estado) VALUES ('029', 'Diseño de moda', '2024-03-01', '2024-05-1', 'Activo');
INSERT INTO Curso(ID_Curso, Nombre, FechaInicio, FechaFinal, Estado) VALUES ('030', 'Teatro', '2024-03-01', '2024-05-1', 'Activo');
INSERT INTO Curso(ID_Curso, Nombre, FechaInicio, FechaFinal, Estado) VALUES ('031', 'Arte culinario', '2024-03-01', '2024-05-1', 'Activo');
INSERT INTO Curso(ID_Curso, Nombre, FechaInicio, FechaFinal, Estado) VALUES ('032', 'Escultura', '2024-03-01', '2024-05-1', 'Activo');
INSERT INTO Curso(ID_Curso, Nombre, FechaInicio, FechaFinal, Estado) VALUES ('033', 'Edición de video', '2024-03-01', '2024-05-1', 'Activo');
INSERT INTO Curso(ID_Curso, Nombre, FechaInicio, FechaFinal, Estado) VALUES ('034', 'Inglés básico', '2025-03-01', '2025-05-1', 'Inactivo');
INSERT INTO Curso(ID_Curso, Nombre, FechaInicio, FechaFinal, Estado) VALUES ('035', 'Diseño de interiores', '2024-03-01', '2024-05-1', 'Activo');
INSERT INTO Curso(ID_Curso, Nombre, FechaInicio, FechaFinal, Estado) VALUES ('036', 'Fotografía', '2024-03-01', '2024-05-1', 'Activo');
INSERT INTO Curso(ID_Curso, Nombre, FechaInicio, FechaFinal, Estado) VALUES ('037', 'Pilates', '2024-03-01', '2024-05-1', 'Activo');
INSERT INTO Curso(ID_Curso, Nombre, FechaInicio, FechaFinal, Estado) VALUES ('038', 'Finanzas personales', '2024-03-01', '2024-05-1', 'Activo');
INSERT INTO Curso(ID_Curso, Nombre, FechaInicio, FechaFinal, Estado) VALUES ('039', 'Desarrollo personal', '2024-03-01', '2024-05-1', 'Activo');
INSERT INTO Curso(ID_Curso, Nombre, FechaInicio, FechaFinal, Estado) VALUES ('040', 'Gestión del tiempo', '2024-03-01', '2024-05-1', 'Activo');
INSERT INTO Curso(ID_Curso, Nombre, FechaInicio, FechaFinal, Estado) VALUES ('041', 'Astronomía básica', '2024-03-01', '2024-05-1', 'Activo');
INSERT INTO Curso(ID_Curso, Nombre, FechaInicio, FechaFinal, Estado) VALUES ('042', 'Diseño de joyas', '2024-03-01', '2024-05-1', 'Activo');
INSERT INTO Curso(ID_Curso, Nombre, FechaInicio, FechaFinal, Estado) VALUES ('043', 'Entrenamiento pers', '2024-03-01', '2024-05-1', 'Activo');
INSERT INTO Curso(ID_Curso, Nombre, FechaInicio, FechaFinal, Estado) VALUES ('044', 'Primeros auxilios', '2024-03-01', '2024-05-1', 'Activo');
INSERT INTO Curso(ID_Curso, Nombre, FechaInicio, FechaFinal, Estado) VALUES ('045', 'Técnicas de estudio', '2024-03-01', '2024-05-1', 'Activo');

delete from Curso

SELECT * FROM Curso


INSERT INTO Estudiante(TypeID_Estudiante, ID_Estudiante, Nombre, Apellido, Email) VALUES ('CC', '0001', 'Luis', 'González', 'luisestudiante@gmail.com');
INSERT INTO Estudiante(TypeID_Estudiante, ID_Estudiante, Nombre, Apellido, Email) VALUES ('CC', '0002', 'Ana', 'Ramírez', 'anaestudiante@gmail.com');
INSERT INTO Estudiante(TypeID_Estudiante, ID_Estudiante, Nombre, Apellido, Email) VALUES ('CC', '0003', 'Carlos', 'Martínez', 'carlosestudiante@gmail.com');
INSERT INTO Estudiante(TypeID_Estudiante, ID_Estudiante, Nombre, Apellido, Email) VALUES ('CC', '0004', 'Julia', 'Vargas', 'juliaestudiante@gmail.com');
INSERT INTO Estudiante(TypeID_Estudiante, ID_Estudiante, Nombre, Apellido, Email) VALUES ('CC', '0005', 'Javier', 'Hernández', 'javierestudiante@gmail.com');
INSERT INTO Estudiante(TypeID_Estudiante, ID_Estudiante, Nombre, Apellido, Email) VALUES ('CC', '0006', 'María', 'López', 'mariaestudiante@gmail.com');
INSERT INTO Estudiante(TypeID_Estudiante, ID_Estudiante, Nombre, Apellido, Email) VALUES ('CC', '0007', 'Pedro', 'Gómez', 'pedroestudiante@gmail.com');
INSERT INTO Estudiante(TypeID_Estudiante, ID_Estudiante, Nombre, Apellido, Email) VALUES ('CC', '0008', 'Laura', 'Díaz', 'lauraestudiante@gmail.com');
INSERT INTO Estudiante(TypeID_Estudiante, ID_Estudiante, Nombre, Apellido, Email) VALUES ('CC', '0009', 'Diego', 'Rodríguez', 'diegoestudiante@gmail.com');
INSERT INTO Estudiante(TypeID_Estudiante, ID_Estudiante, Nombre, Apellido, Email) VALUES ('CC', '0010', 'Sofía', 'Martín', 'sofiaestudiante@gmail.com');
INSERT INTO Estudiante(TypeID_Estudiante, ID_Estudiante, Nombre, Apellido, Email) VALUES ('CC', '0011', 'Lucas', 'Pérez', 'lucasestudiante@gmail.com');
INSERT INTO Estudiante(TypeID_Estudiante, ID_Estudiante, Nombre, Apellido, Email) VALUES ('CC', '0012', 'Valentina', 'Sánchez', 'valentinaestudiante@gmail.com');
INSERT INTO Estudiante(TypeID_Estudiante, ID_Estudiante, Nombre, Apellido, Email) VALUES ('CC', '0013', 'Mateo', 'Fernández', 'mateoestudiante@gmail.com');
INSERT INTO Estudiante(TypeID_Estudiante, ID_Estudiante, Nombre, Apellido, Email) VALUES ('CC', '0014', 'Isabella', 'Luna', 'isabellaestudiante@gmail.com');
INSERT INTO Estudiante(TypeID_Estudiante, ID_Estudiante, Nombre, Apellido, Email) VALUES ('CC', '0015', 'Julián', 'Gutierrez', 'julianestudiante@gmail.com');
INSERT INTO Estudiante(TypeID_Estudiante, ID_Estudiante, Nombre, Apellido, Email) VALUES ('CC', '0016', 'Camila', 'Ortega', 'camilaestudiante@gmail.com');
INSERT INTO Estudiante(TypeID_Estudiante, ID_Estudiante, Nombre, Apellido, Email) VALUES ('CC', '0017', 'Adrián', 'Castaño', 'adrianestudiante@gmail.com');
INSERT INTO Estudiante(TypeID_Estudiante, ID_Estudiante, Nombre, Apellido, Email) VALUES ('CC', '0018', 'Valeria', 'Ruiz', 'valeriaestudiante@gmail.com');
INSERT INTO Estudiante(TypeID_Estudiante, ID_Estudiante, Nombre, Apellido, Email) VALUES ('CC', '0019', 'Gabriel', 'Reyes', 'gabrielestudiante@gmail.com');
INSERT INTO Estudiante(TypeID_Estudiante, ID_Estudiante, Nombre, Apellido, Email) VALUES ('CC', '0020', 'Fernanda', 'Sosa', 'fernandaestudiante@gmail.com');
INSERT INTO Estudiante(TypeID_Estudiante, ID_Estudiante, Nombre, Apellido, Email) VALUES ('CC', '0021', 'Luciana', 'Molina', 'lucianaestudiante@gmail.com');
INSERT INTO Estudiante(TypeID_Estudiante, ID_Estudiante, Nombre, Apellido, Email) VALUES ('CC', '0022', 'Gonzalo', 'Ocampo', 'gonzaloestudiante@gmail.com');
INSERT INTO Estudiante(TypeID_Estudiante, ID_Estudiante, Nombre, Apellido, Email) VALUES ('CC', '0023', 'Valentín', 'Vega', 'valentinestudiante@gmail.com');
INSERT INTO Estudiante(TypeID_Estudiante, ID_Estudiante, Nombre, Apellido, Email) VALUES ('CC', '0024', 'Marina', 'Aguilar', 'marinaestudiante@gmail.com');
INSERT INTO Estudiante(TypeID_Estudiante, ID_Estudiante, Nombre, Apellido, Email) VALUES ('CC', '0025', 'Benjamín', 'Ríos', 'benjaminestudiante@gmail.com');
INSERT INTO Estudiante(TypeID_Estudiante, ID_Estudiante, Nombre, Apellido, Email) VALUES ('CC', '0026', 'Abril', 'Herrera', 'abrilestudiante@gmail.com');
INSERT INTO Estudiante(TypeID_Estudiante, ID_Estudiante, Nombre, Apellido, Email) VALUES ('TI', '0027', 'Manuel', 'González', 'manuel.estudiante@gmail.com');
INSERT INTO Estudiante(TypeID_Estudiante, ID_Estudiante, Nombre, Apellido, Email) VALUES ('TI', '0028', 'Carolina', 'Ramírez', 'carolina.estudiante@gmail.com');
INSERT INTO Estudiante(TypeID_Estudiante, ID_Estudiante, Nombre, Apellido, Email) VALUES ('TI', '0029', 'Gustavo', 'Martínez', 'gustavo.estudiante@gmail.com');
INSERT INTO Estudiante(TypeID_Estudiante, ID_Estudiante, Nombre, Apellido, Email) VALUES ('TI', '0030', 'Natalie', 'Vargas', 'natalie.estudiante@gmail.com');
INSERT INTO Estudiante(TypeID_Estudiante, ID_Estudiante, Nombre, Apellido, Email) VALUES ('TI', '0031', 'Jonathan', 'Hernández', 'jonathan.estudiante@gmail.com');
INSERT INTO Estudiante(TypeID_Estudiante, ID_Estudiante, Nombre, Apellido, Email) VALUES ('TI', '0032', 'Gabriela', 'López', 'gabriela.estudiante@gmail.com');
INSERT INTO Estudiante(TypeID_Estudiante, ID_Estudiante, Nombre, Apellido, Email) VALUES ('TI', '0033', 'Emilio', 'Gómez', 'emilio.estudiante@gmail.com');
INSERT INTO Estudiante(TypeID_Estudiante, ID_Estudiante, Nombre, Apellido, Email) VALUES ('TI', '0034', 'Valentina', 'Díaz', 'valentina.estudiante@gmail.com');
INSERT INTO Estudiante(TypeID_Estudiante, ID_Estudiante, Nombre, Apellido, Email) VALUES ('TI', '0035', 'Mateo', 'Rodríguez', 'mateo.estudiante@gmail.com');
INSERT INTO Estudiante(TypeID_Estudiante, ID_Estudiante, Nombre, Apellido, Email) VALUES ('TI', '0036', 'Isabel', 'Martín', 'isabel.estudiante@gmail.com');
INSERT INTO Estudiante(TypeID_Estudiante, ID_Estudiante, Nombre, Apellido, Email) VALUES ('TI', '0037', 'Leonardo', 'Pérez', 'leonardo.estudiante@gmail.com');
INSERT INTO Estudiante(TypeID_Estudiante, ID_Estudiante, Nombre, Apellido, Email) VALUES ('TI', '0038', 'Camilo', 'Sánchez', 'camilo.estudiante@gmail.com');
INSERT INTO Estudiante(TypeID_Estudiante, ID_Estudiante, Nombre, Apellido, Email) VALUES ('TI', '0039', 'Ana', 'Fernández', 'ana.estudiante@gmail.com');
INSERT INTO Estudiante(TypeID_Estudiante, ID_Estudiante, Nombre, Apellido, Email) VALUES ('TI', '0040', 'Sebastián', 'Luna', 'sebastian.estudiante@gmail.com');
INSERT INTO Estudiante(TypeID_Estudiante, ID_Estudiante, Nombre, Apellido, Email) VALUES ('TI', '0041', 'María', 'Gutiérrez', 'maria.estudiante@gmail.com');
INSERT INTO Estudiante(TypeID_Estudiante, ID_Estudiante, Nombre, Apellido, Email) VALUES ('TI', '0042', 'Santiago', 'Ortega', 'santiago.estudiante@gmail.com');
INSERT INTO Estudiante(TypeID_Estudiante, ID_Estudiante, Nombre, Apellido, Email) VALUES ('TI', '0043', 'Valeria', 'Castaño', 'valeria.estudiante@gmail.com');
INSERT INTO Estudiante(TypeID_Estudiante, ID_Estudiante, Nombre, Apellido, Email) VALUES ('TI', '0044', 'Daniel', 'Ruiz', 'daniel.estudiante@gmail.com');
INSERT INTO Estudiante(TypeID_Estudiante, ID_Estudiante, Nombre, Apellido, Email) VALUES ('TI', '0045', 'Luciana', 'Reyes', 'luciana.estudiante@gmail.com');
INSERT INTO Estudiante(TypeID_Estudiante, ID_Estudiante, Nombre, Apellido, Email) VALUES ('TI', '0046', 'Joaquín', 'Sosa', 'joaquin.estudiante@gmail.com');

SELECT * FROM Estudiante


INSERT INTO Biblioteca(Nombre) values ('El Buho')
INSERT INTO Biblioteca(Nombre) values ('El Lobo')
INSERT INTO Biblioteca(Nombre) values ('El Zorro')
INSERT INTO Biblioteca(Nombre) values ('El Tigre')
INSERT INTO Biblioteca(Nombre) values ('El León')
INSERT INTO Biblioteca(Nombre) values ('El Elefante')
INSERT INTO Biblioteca(Nombre) values ('El Oso')

SELECT * FROM Biblioteca

INSERT INTO Libro(Tipo, Titulo, Autor, NoEjemplares, FechaPublicación, Genero, NoPaginas) values 
('Ficcion', 'Cien años de soledad', 'Gabriel García Márquez', 95, '1967-05-30', 'Realismo Mágico', 417),
('Drama', 'Romeo y Julieta', 'William Shakespeare', 85, '1597-01-01', 'Tragedia', 336),
('Ciencia', 'Breve historia del tiempo', 'Stephen Hawking', 75, '1988-04-01', 'Divulgación científica', 256),
('Suspenso', 'El retrato de Dorian Gray', 'Oscar Wilde', 105, '1890-04-05', 'Gótico', 254),
('Biografía', 'Steve Jobs', 'Walter Isaacson', 70, '2011-10-24', 'Biografía', 656),
('Romance', 'Orgullo y prejuicio', 'Jane Austen', 110, '1813-01-28', 'Romántica', 432),
('Histórico', 'Los pilares de la Tierra', 'Ken Follett', 120, '1989-10-02', 'Histórica', 983),
('Fantástico', 'Harry Potter y la piedra filosofal', 'J.K. Rowling', 100, '1997-06-26', 'Fantasía', 254),
('Policiaco', 'El nombre de la rosa', 'Umberto Eco', 90, '1980-09-29', 'Misterio', 503),
('Humor', 'El gran Gatsby', 'F. Scott Fitzgerald', 80, '1925-04-10', 'Novela', 180),
('Terror', 'It', 'Stephen King', 95, '1986-09-15', 'Horror', 1138),
('Infantil', 'Alicia en el país de las maravillas', 'Lewis Carroll', 115, '1865-11-26', 'Fantasía', 272),
('Psicología', 'Mentes peligrosas', 'Ana Beatriz Barbosa Silva', 65, '2008-01-01', 'Psicología', 264),
('Filosofía', 'El mundo de Sofía', 'Jostein Gaarder', 75, '1991-01-01', 'Filosofía', 508),
('Autobiografía', 'Long Walk to Freedom', 'Nelson Mandela', 60, '1994-10-01', 'Autobiografía', 630);
('Ficcion', '1984', 'George Orwell', 85, '1949-06-08', 'Distopía', 328),
('Drama', 'Hamlet', 'William Shakespeare', 75, '1603-01-01', 'Tragedia', 342),
('Aventura', 'La isla del tesoro', 'Robert Louis Stevenson', 95, '1883-11-14', 'Aventura', 311),
('Fantasía', 'Crónicas de Narnia', 'C.S. Lewis', 105, '1950-10-16', 'Fantasía', 767),
('Ciencia Ficción', 'Fundación', 'Isaac Asimov', 80, '1951-05-01', 'Ciencia Ficción', 255),
('Misterio', 'Sherlock Holmes', 'Arthur Conan Doyle', 90, '1887-11-01', 'Misterio', 624),
('Historia', 'Sapiens: De animales a dioses', 'Yuval Noah Harari', 70, '2011-04-01', 'Historia', 443),
('Romántico', 'Romeo y Julieta', 'William Shakespeare', 100, '1597-01-01', 'Tragedia', 336),
('Terror', 'Drácula', 'Bram Stoker', 80, '1897-05-26', 'Horror', 418),
('Filosófico', 'Así habló Zaratustra', 'Friedrich Nietzsche', 65, '1883-09-01', 'Filosofía', 352);

SELECT * FROM Libro


INSERT INTO RevistaCientifica(Tipo, Titulo, Autor, NoEjemplares, FechaPublicación, Tematica, Periocidad) values 
('Académica', 'Avances en Química Orgánica', 'Dr. Carlos López', 55, '2024-06-18', 'Química Orgánica', 'Trimestral'),
('Divulga', 'Mundo Espacial', 'Dr. Luisa García', 65, '2024-07-22', 'Astronomía', 'Mensual'),
('Especia', 'Medicina Avanzada', 'Dra. Laura Fernández', 45, '2024-08-30', 'Medicina', 'Anual'),
('Técnica', 'Innovaciones en Tecnología Informática', 'Ing. Miguel Pérez', 70, '2024-09-05', 'Tecnología Informática', 'Bimensual'),
('Científ', 'Avances en Neurociencia', 'Dr. José Martín', 60, '2024-10-14', 'Neurociencia', 'Mensual'),
('Divulga', 'Maravillas Naturales', 'Dr. Pablo Soto', 80, '2024-11-20', 'Ecología', 'Trimestral'),
('Académica', 'Estudios Lingüísticos Avanzados', 'Dra. Marta Díaz', 50, '2024-12-05', 'Lingüística', 'Semestral'),
('Especia', 'Avances en Oncología', 'Dr. Rafael Ramírez', 35, '2025-01-08', 'Oncología', 'Anual'),
('Técnica', 'Nuevas Tendencias en Energías Renovables', 'Ing. Ana García', 75, '2025-02-16', 'Energías Renovables', 'Bimensual'),
('Científ', 'Avances en Genética Molecular', 'Dr. Andrés López', 65, '2025-03-22', 'Genética Molecular', 'Mensual'),
('Divulga', 'Historia en Breve', 'Dr. Antonio Pérez', 85, '2025-04-25', 'Historia', 'Trimestral'),
('Especia', 'Innovaciones en Cirugía Cardiovascular', 'Dr. María Gómez', 40, '2025-05-30', 'Cirugía Cardiovascular', 'Anual'),
('Académica', 'Investigaciones en Filosofía Política', 'Dr. Juan Martínez', 55, '2025-06-10', 'Filosofía Política', 'Semestral'),
('Técnica', 'Desarrollos en Inteligencia Artificial', 'Ing. David Ruiz', 80, '2025-07-18', 'Inteligencia Artificial', 'Bimensual'),
('Divulga', 'Vida Marina', 'Dr. Alejandro López', 90, '2025-08-22', 'Biología Marina', 'Trimestral'),
('Especia', 'Avances en Endocrinología', 'Dra. Claudia Pérez', 50, '2025-09-28', 'Endocrinología', 'Anual'),
('Científ', 'Avances en Nanotecnología', 'Dr. Marcos Gutiérrez', 70, '2025-10-04', 'Nanotecnología', 'Mensual'),
('Académica', 'Investigaciones en Economía Internacional', 'Dr. Ana García', 60, '2025-11-15', 'Economía Internacional', 'Semestral'),
('Técnica', 'Innovaciones en Robótica Avanzada', 'Ing. Manuel Gómez', 85, '2025-12-20', 'Robótica', 'Bimensual'),
('Divulga', 'Arte y Cultura Antigua', 'Dr. Laura Martínez', 95, '2026-01-25', 'Arqueología', 'Trimestral'),
('Especia', 'Avances en Psiquiatría Infantil', 'Dr. Carlos Sánchez', 45, '2026-02-28', 'Psiquiatría Infantil', 'Anual'),
('Científ', 'Avances en Bioquímica', 'Dr. Eva Pérez', 75, '2026-03-08', 'Bioquímica', 'Mensual'),
('Académica', 'Estudios en Literatura Comparada', 'Dr. Javier García', 65, '2026-04-14', 'Literatura Comparada', 'Semestral'),
('Técnica', 'Innovaciones en Energía Nuclear', 'Ing. Laura Martín', 90, '2026-05-20', 'Energía Nuclear', 'Bimensual');

SELECT * FROM RevistaCientifica

INSERT INTO InformeInvestigacion(Tipo, Titulo, Autor, NoEjemplares, FechaPublicación, Tematica) values 
('Estudio', 'Impacto Ambiental en Zonas Urbanas', 'Dr. Carlos García', 25, '2024-01-05', 'Medio Ambiente'),
('Análisis', 'Tendencias Económicas Globales', 'Economista Laura Mendoza', 20, '2024-02-12', 'Economía'),
('Investigación', 'Avances en Inteligencia Artificial', 'Dr. Martín López', 30, '2024-03-20', 'Inteligencia Artificial'),
('Informe Técnico', 'Desarrollo de Nuevos Materiales', 'Ing. Patricia Torres', 15, '2024-04-08', 'Ciencia de Materiales'),
('Estudio de Caso', 'Impacto Social de las Redes Sociales', 'Lic. María González', 18, '2024-05-15', 'Sociología');

SELECT * FROM InformeInvestigacion

INSERT INTO Sede(Localidad,Nombre_Sede,ID_Biblioteca) values ('Envigado','Uni1',(SELECT ID_Biblioteca FROM Biblioteca where Nombre ='El Buho'))
INSERT INTO Sede(Localidad,Nombre_Sede,ID_Biblioteca) values ('Itagüí','Uni2',(SELECT ID_Biblioteca FROM Biblioteca where Nombre ='El Lobo'))
INSERT INTO Sede(Localidad,Nombre_Sede,ID_Biblioteca) values ('Bello','Uni3',(SELECT ID_Biblioteca FROM Biblioteca where Nombre ='El Zorro'))
INSERT INTO Sede(Localidad,Nombre_Sede,ID_Biblioteca) values ('Medellín','Uni4',(SELECT ID_Biblioteca FROM Biblioteca where Nombre ='El Tigre'))
INSERT INTO Sede(Localidad,Nombre_Sede,ID_Biblioteca) values ('Rionegro','Uni5',(SELECT ID_Biblioteca FROM Biblioteca where Nombre ='El León'))
INSERT INTO Sede(Localidad,Nombre_Sede,ID_Biblioteca) values ('La Estrella','Uni6',(SELECT ID_Biblioteca FROM Biblioteca where Nombre ='El Elefante'))
INSERT INTO Sede(Localidad,Nombre_Sede,ID_Biblioteca) values ('Sabaneta','Uni7',(SELECT ID_Biblioteca FROM Biblioteca where Nombre ='El Oso'))



SELECT * FROM Sede

INSERT INTO Calificacion(TypeID_Estudiante,ID_Estudiante,ID_Curso,Porcentaje,Fecha,Nota,Trabajo) VALUES ('CC','0000000010','001',50,'2024-03-28',4.5,'Proyecto')
INSERT INTO Calificacion(TypeID_Estudiante,ID_Estudiante,ID_Curso,Porcentaje,Fecha,Nota,Trabajo) VALUES ('CC','0000000010','002',10,'2024-03-15',3.0,'Quiz')
INSERT INTO Calificacion(TypeID_Estudiante,ID_Estudiante,ID_Curso,Porcentaje,Fecha,Nota,Trabajo) VALUES ('CC','0000000010','003',10,'2024-04-02',4.0,'Quiz')
INSERT INTO Calificacion(TypeID_Estudiante,ID_Estudiante,ID_Curso,Porcentaje,Fecha,Nota,Trabajo) VALUES ('CC','0000000010','004',75,'2024-04-10',3.7,'Proyecto')
INSERT INTO Calificacion(TypeID_Estudiante,ID_Estudiante,ID_Curso,Porcentaje,Fecha,Nota,Trabajo) VALUES ('CC','0000000010','005',15,'2024-04-01',4.5,'Quiz')


SELECT * FROM Calificacion

INSERT INTO Certificado(TypeID_Estudiante, ID_Estudiante, ID_Curso, Fecha) values ('CC', '0000000012', '001', '2024-03-01')

SELECT * FROM Certificado

INSERT INTO Horarios(ID_Curso, Dia, Hora) values ('001', 'Jueves', '8:00')
INSERT INTO Horarios(ID_Curso, Dia, Hora) values ('002', 'Jueves', '10:00')
INSERT INTO Horarios(ID_Curso, Dia, Hora) values ('003', 'Jueves', '14:00')
INSERT INTO Horarios(ID_Curso, Dia, Hora) values ('004', 'Viernes', '15:00')

SELECT * FROM Horarios

INSERT INTO Anuncios(ID_Curso, Fecha, Mensaje) values ('001', '2024-02-28', 'Hola muchachos, mañana empezamos :)')
INSERT INTO Anuncios(ID_Curso, Fecha, Mensaje) values ('001', '2024-02-28', 'Hola muchachos, me caen mal')

SELECT * FROM Anuncios

INSERT INTO Sede_Curso(ID_Sede, ID_Curso) values ((SELECT ID_Sede FROM Sede where Nombre_Sede ='Uni1'),'001')
INSERT INTO Sede_Curso(ID_Sede, ID_Curso) values ((SELECT ID_Sede FROM Sede where Nombre_Sede ='Uni1'),'002')
INSERT INTO Sede_Curso(ID_Sede, ID_Curso) values ((SELECT ID_Sede FROM Sede where Nombre_Sede ='Uni1'),'003')
INSERT INTO Sede_Curso(ID_Sede, ID_Curso) values ((SELECT ID_Sede FROM Sede where Nombre_Sede ='Uni1'),'004')
INSERT INTO Sede_Curso(ID_Sede, ID_Curso) values ((SELECT ID_Sede FROM Sede where Nombre_Sede ='Uni1'),'005')

SELECT * FROM Sede_Curso

INSERT INTO Sede_Profesor(ID_Sede, TypeID_Profesor, ID_Profesor) values ((SELECT ID_Sede FROM Sede where Nombre_Sede ='Uni1'),'CC','0000000000')
INSERT INTO Sede_Profesor(ID_Sede, TypeID_Profesor, ID_Profesor) values ((SELECT ID_Sede FROM Sede where Nombre_Sede ='Uni1'),'CC','0000000001')
INSERT INTO Sede_Profesor(ID_Sede, TypeID_Profesor, ID_Profesor) values ((SELECT ID_Sede FROM Sede where Nombre_Sede ='Uni1'),'CC','0000000002')
INSERT INTO Sede_Profesor(ID_Sede, TypeID_Profesor, ID_Profesor) values ((SELECT ID_Sede FROM Sede where Nombre_Sede ='Uni1'),'CC','0000000003')
INSERT INTO Sede_Profesor(ID_Sede, TypeID_Profesor, ID_Profesor) values ((SELECT ID_Sede FROM Sede where Nombre_Sede ='Uni1'),'CC','0000000004')

SELECT * FROM Sede_Profesor

INSERT INTO Profesor_Curso(TypeID_Profesor, ID_Profesor, ID_Curso) values ('CC','0000000000','001')
INSERT INTO Profesor_Curso(TypeID_Profesor, ID_Profesor, ID_Curso) values ('CC','0000000001','002')
INSERT INTO Profesor_Curso(TypeID_Profesor, ID_Profesor, ID_Curso) values ('CC','0000000002','003')
INSERT INTO Profesor_Curso(TypeID_Profesor, ID_Profesor, ID_Curso) values ('CC','0000000003','005')
INSERT INTO Profesor_Curso(TypeID_Profesor, ID_Profesor, ID_Curso) values ('CC','0000000004','004')

SELECT * FROM Profesor_Curso

INSERT INTO Curso_Estudiante(TypeID_Estudiante, ID_Estudiante, ID_Curso) values ('CC', '0000000010', '001')
INSERT INTO Curso_Estudiante(TypeID_Estudiante, ID_Estudiante, ID_Curso) values ('CC', '0000000011', '002')
INSERT INTO Curso_Estudiante(TypeID_Estudiante, ID_Estudiante, ID_Curso) values ('CC', '0000000012', '003')
INSERT INTO Curso_Estudiante(TypeID_Estudiante, ID_Estudiante, ID_Curso) values ('CC', '0000000013', '004')
INSERT INTO Curso_Estudiante(TypeID_Estudiante, ID_Estudiante, ID_Curso) values ('CC', '0000000014', '005')

SELECT * FROM Curso_Estudiante

INSERT INTO Biblioteca_Libro(ID_Biblioteca, ID_Libro) values ((SELECT ID_Biblioteca FROM Biblioteca where Nombre ='El Buho'),(SELECT ID_Libro FROM Libro where Titulo ='Dune'))
INSERT INTO Biblioteca_Libro(ID_Biblioteca, ID_Libro) values ((SELECT ID_Biblioteca FROM Biblioteca where Nombre ='El Buho'),(SELECT ID_Libro FROM Libro where Titulo ='Las aventuras de Tom Sawyer'))
INSERT INTO Biblioteca_Libro(ID_Biblioteca, ID_Libro) values ((SELECT ID_Biblioteca FROM Biblioteca where Nombre ='El Buho'),(SELECT ID_Libro FROM Libro where Titulo ='El código Da Vinci'))
INSERT INTO Biblioteca_Libro(ID_Biblioteca, ID_Libro) values ((SELECT ID_Biblioteca FROM Biblioteca where Nombre ='El Buho'),(SELECT ID_Libro FROM Libro where Titulo ='Los miserables'))
INSERT INTO Biblioteca_Libro(ID_Biblioteca, ID_Libro) values ((SELECT ID_Biblioteca FROM Biblioteca where Nombre ='El Buho'),(SELECT ID_Libro FROM Libro where Titulo ='El señor de los anillos'))

SELECT * FROM Biblioteca_Libro

INSERT INTO Biblioteca_Revista(ID_Biblioteca, ID_Revista) values ((SELECT ID_Biblioteca FROM Biblioteca where Nombre ='El Buho'),(SELECT ID_Revista FROM RevistaCientifica where Titulo ='Psicología Clínica Avanzada'))
INSERT INTO Biblioteca_Revista(ID_Biblioteca, ID_Revista) values ((SELECT ID_Biblioteca FROM Biblioteca where Nombre ='El Buho'),(SELECT ID_Revista FROM RevistaCientifica where Titulo ='Investigaciones Biológicas'))
INSERT INTO Biblioteca_Revista(ID_Biblioteca, ID_Revista) values ((SELECT ID_Biblioteca FROM Biblioteca where Nombre ='El Buho'),(SELECT ID_Revista FROM RevistaCientifica where Titulo ='Ciencia para Todos'))
INSERT INTO Biblioteca_Revista(ID_Biblioteca, ID_Revista) values ((SELECT ID_Biblioteca FROM Biblioteca where Nombre ='El Buho'),(SELECT ID_Revista FROM RevistaCientifica where Titulo ='Avances en Física Cuántica'))
INSERT INTO Biblioteca_Revista(ID_Biblioteca, ID_Revista) values ((SELECT ID_Biblioteca FROM Biblioteca where Nombre ='El Buho'),(SELECT ID_Revista FROM RevistaCientifica where Titulo ='Innovaciones en Ingeniería Civil'))

SELECT * FROM Biblioteca_Revista

INSERT INTO Biblioteca_Informe(ID_Biblioteca, ID_Informe) values ((SELECT ID_Biblioteca FROM Biblioteca where Nombre ='El Buho'),(SELECT ID_Informe FROM InformeInvestigacion where Titulo ='Impacto Ambiental en Zonas Urbanas'))
INSERT INTO Biblioteca_Informe(ID_Biblioteca, ID_Informe) values ((SELECT ID_Biblioteca FROM Biblioteca where Nombre ='El Buho'),(SELECT ID_Informe FROM InformeInvestigacion where Titulo ='Tendencias Económicas Globales'))
INSERT INTO Biblioteca_Informe(ID_Biblioteca, ID_Informe) values ((SELECT ID_Biblioteca FROM Biblioteca where Nombre ='El Buho'),(SELECT ID_Informe FROM InformeInvestigacion where Titulo ='Avances en Inteligencia Artificial'))
INSERT INTO Biblioteca_Informe(ID_Biblioteca, ID_Informe) values ((SELECT ID_Biblioteca FROM Biblioteca where Nombre ='El Buho'),(SELECT ID_Informe FROM InformeInvestigacion where Titulo ='Desarrollo de Nuevos Materiales'))
INSERT INTO Biblioteca_Informe(ID_Biblioteca, ID_Informe) values ((SELECT ID_Biblioteca FROM Biblioteca where Nombre ='El Buho'),(SELECT ID_Informe FROM InformeInvestigacion where Titulo ='Impacto Social de las Redes Sociales'))

SELECT * FROM Biblioteca_Informe

INSERT INTO CursoProfesorEstudiante(ID_Curso, TypeID_Profesor, ID_Profesor, TypeID_EStudiante, ID_Estudiante) values ('001', 'CC', '0000000000', 'CC', '0000000010')
INSERT INTO CursoProfesorEstudiante(ID_Curso, TypeID_Profesor, ID_Profesor, TypeID_EStudiante, ID_Estudiante) values ('002', 'CC', '0000000001', 'CC', '0000000011')
INSERT INTO CursoProfesorEstudiante(ID_Curso, TypeID_Profesor, ID_Profesor, TypeID_EStudiante, ID_Estudiante) values ('003', 'CC', '0000000002', 'CC', '0000000012')
INSERT INTO CursoProfesorEstudiante(ID_Curso, TypeID_Profesor, ID_Profesor, TypeID_EStudiante, ID_Estudiante) values ('004', 'CC', '0000000004', 'CC', '0000000013')
INSERT INTO CursoProfesorEstudiante(ID_Curso, TypeID_Profesor, ID_Profesor, TypeID_EStudiante, ID_Estudiante) values ('005', 'CC', '0000000003', 'CC', '0000000014')

SELECT * FROM CursoProfesorEstudiante

INSERT INTO SedeBiblioteca(ID_Sede, ID_Biblioteca) VALUES ((SELECT ID_Sede FROM Sede where Nombre_Sede ='Uni1'), (SELECT ID_Biblioteca FROM Biblioteca where Nombre ='El Buho'));

SELECT * FROM SedeBiblioteca


--Cositas bonitas
DELETE FROM Profesor WHERE ID_Profesor='0000000003'
INSERT INTO Profesor(TypeID_Profesor, ID_Profesor, Nombre, Apellido, Email) values ('CC', '0000000003', 'Abigail', 'Mendoza', 'abigailprofe@gmail.com')
UPDATE Profesor SET Email='toronolesabes@gmail.com' WHERE ID_Profesor='0000000004' 
INSERT INTO Calificacion(TypeID_Estudiante, ID_Estudiante, ID_Curso, Porcentaje, Nota, Trabajo) values ('CC', '0000000012', '002',15, 3.5, 'EvaluacionIsis')
UPDATE Calificacion SET Fecha='3 am' WHERE Trabajo = 'EvaluacionIsis'